--USE BioCoop_UbiracyNeto

-- Inserts

--Cooperativa 

INSERT INTO Cooperativa (Codigo, Nome, Email, Nif, Telefone, CoordWhat3) VALUES 

(1, 'Rei da Batata', 'coopertata@gmail.com', '209109786', '254768910', '///qual.desse.acho'),
(2, 'Rei da Cenoura', 'coopernoura@gmail.com', '287290276', '210980988', '///estruturadas.diademas.narrei'),
(3, 'Rei da Abobrinha', 'cooperbrinha@gmail.com', '298276245', '967875365', '///içar.constituição.calça'),
(4, 'Rei da Berinjela', 'cooperjeba@gmail.com', '256298266', '920374812', '///espádua.conversas.argolar'),
(5, 'Rei do Chuchu', 'damuitonaserra@gmail.com', '256298264', '920374812', '///suporte.frisando.detrito');
GO
-- Plano


INSERT INTO Plano (Codigo, Nome, Descricao, Preco, Ativo) VALUES 

(1, 'Small', 'O cliente receberá uma seleção marvilhosa de produtos com valor aproximado de 9,99', 9.99, 'S'),
(2, 'Medium', 'O cliente receberá uma seleção marvilhosa de produtos com valor aproximado de 19,99', 19.99, 'S'),
(3, 'Large', 'O cliente receberá uma seleção marvilhosa de produtos com valor aproximado de 29,99', 29.99, 'S'),
(4, 'Fiel', 'O cliente receberá uma seleção marvilhosa de produtos com valor aproximado de 49,99', 49.99, 'N'),
(5, 'Legend', 'O cliente receberá uma seleção marvilhosa de produtos com valor aproximado de 299,99', 299.99, 'N');
GO


-- CLiente


INSERT INTO Cliente (Id, Nome, Apelido, Email, Sexo, Nif, CoordWhat3, CodigoCooperativa) VALUES 

(1, 'Georgine', 'Schoolcroft', 'gschoolcroft0@biglobe.ne.jp', 'F', '492453293', '///colado.sopro.feminista', 1),
(2, 'Morse', 'Reoch', 'mreoch1@bloglovin.com', 'M', '730611765', '///colado.sopro.feminista', 1),
(3, 'Farley', 'Mation', 'fmation2@phoca.cz', 'M', '237918454', '///colado.sopro.feminista', 2),
(4, 'Cammy', 'Uttridge', 'cuttridge3@dailymail.co.uk', 'M', '426768369', '///colado.sopro.feminista', 2),
(5, 'Philippe', 'Lacy', 'placy4@geocities.com', 'F', '753631671', '///colado.sopro.feminista', 3),
(6, 'Chic', 'Sheldrick', 'csheldrick5@unblog.fr', 'M', '348156720', '///colado.sopro.feminista', 3),
(7, 'Misha', 'Crottagh', 'mcrottagh6@phoca.cz', 'F', '393048918', '///colado.sopro.feminista', 4),
(8, 'Magnum', 'Abdey', 'mabdey7@w3.org', 'M', '170303036', '///colado.sopro.feminista', 4),
(9, 'Crissie', 'Stobbes', 'cstobbes8@princeton.edu', 'F', '644469447', '///colado.sopro.feminista', 5),
(10, 'Travus', 'Monshall', 'tmonshall9@usnews.com', 'M', '530665914', '///colado.sopro.feminista', 5);
GO
		


--Subscrever

INSERT INTO Subscrever (IdCliente, Data, CodigoPlano) VALUES  

(1,'2022/01/04',3),
(2,'2022/03/26',1),
(3,'2022/04/30',2),
(4,'2022/06/10',2),
(5,'2022/08/10',3),
(6,'2022/08/11',3),
(7,'2022/08/12',1),
(8,'2022/08/15',1),
(9,'2022/05/29',2),
(10,'2022/07/16',2);

GO


--Associado


INSERT INTO Associado (Id, Nome, Nif, Telefone, CodigoCooperativa) VALUES

(1,'Kamilah Higounet','247514723','3114064168',1),
(2,'Cammy Broadbent','286889865','6269927882',1),
(3,'Shaina Skuse','322497240','8969770582',1),
(4,'Jean Hurleston','382254551','6965547921',2),
(5,'Hilde Gilley','247266255','1399078899',2),
(6,'Dina Swyre','343022733','2173318688',2),
(7,'Gale McEvay','372965758','3841208568',3),
(8,'Hymie Bernuzzi','221408096','1373094689',3),
(9,'Eba Stampe','216160901','5627496869',3),
(10,'Josh Skillman','283220521','5409155282',4);		

GO		


--Associar


INSERT INTO Associar (IdAssociado, IdCliente, Data, Ativo, Motivo) VALUES  

(1, 8, '2022/03/08', 'S', ''),
(2, 7, '2021/09/27', 'S', ''),
(3, 6, '2022/06/20', 'S', ''),
(4, 5, '2022/08/09', 'S', ''),
(5, 4, '2022/02/19', 'S', ''),
(8, 3, '2022/02/11', 'S', ''),
(9, 2, '2022/05/01', 'N', ''),
(10,1, '2022/04/15', 'S', '');

GO


--Categoria


INSERT INTO Categoria (Id, Nome, CodigoCooperativa) VALUES 

(1, 'Fruta', 1),
(2, 'Fruto Seco', 2),
(3, 'Legume', 3),
(4, 'Cereal', 4),
(5, 'Verdura', 5);
GO


--Produto


INSERT INTO Produto (Id, Nome, Unidade, PrecoAtual, IdCategoria, CodigoCooperativa) VALUES 

(1, 'Banana', 'kg', '0.99', 1, 1),
(2, 'Laranja', 'kg', '2.20', 1, 1),
(3, 'Maça', 'kg', '3.45', 1, 1),
(4, 'Pera', 'kg', '2.95', 1, 1),
(5, 'Pessego', 'kg', '3.87', 1, 2),
(6, 'Melancia', 'kg', '1.99', 1, 2),
(7, 'Melão', 'kg', '3.89', 1, 2),
(8, 'Manga', 'kg', '4.68', 1, 2),
(9, 'Passa', 'kg', '3.99', 2, 3),
(10, 'Ameixa', 'kg', '2.78', 2, 3),
(11, 'Damasco', 'kg', '5.89', 2, 3),
(12, 'Castanha', 'kg', '6.82', 2, 3),
(13, 'Noz', 'kg', '4.85', 2, 4),
(14, 'Figo', 'kg', '3.99', 2, 4),
(15, 'Cenoura', 'kg', '2.85', 3, 4),
(16, 'Batata Doce', 'kg', '2.99', 3, 4),
(17, 'Tomate', 'kg', '1.98', 3, 4),
(18, 'Batata', 'kg', '1.67', 3, 4),
(19, 'Chuchu', 'kg', '1.89', 3, 4),
(20, 'Beterraba', 'kg', '2.27', 3, 5),
(21, 'Abobora', 'kg', '1.60', 3, 5),
(22, 'Cebola', 'kg', '0.98', 3, 5),
(23, 'Arroz', 'kg', '2.25', 4, 5),
(24, 'Feijão', 'kg', '1.89', 4, 5),
(25, 'Lentilha', 'kg', '0.99', 3, 5),
(26, 'Ervilha', 'kg', '1.97', 3, 1),
(27, 'Milho', 'kg', '2.12', 4, 1),
(28, 'Cevada', 'kg', '1.27', 4, 2),
(29, 'Alface', 'un', '1.89', 5, 2),
(30, 'Couve', 'un', '0.99', 5, 3),
(31, 'Repolho', 'un', '1.28', 5, 3),
(32, 'Espinafre', 'un', '0.67', 5, 4),
(33, 'Brocolo', 'un', '2.09', 5, 4),
(34, 'Bertalha', 'un', '1.98', 5, 5),
(35, 'Acelga', 'un', '0.88', 5, 5);
GO


--Autorizar


INSERT INTO Autorizar (IdAssociado, IdProduto, Data, IsBlocked) VALUES  

(1, 1, '2022/03/04', 'N'),
(1, 2, '2022/03/04', 'N'),
(1, 3, '2022/03/04', 'N'),
(1, 4, '2022/03/04', 'N'),
(1, 5, '2022/03/04', 'N'),
(2, 1, '2022/04/24', 'N'),
(2, 2, '2022/04/24', 'N'),
(2, 3, '2022/04/24', 'N'),
(2, 4, '2022/04/24', 'N'),
(2, 5, '2022/04/24', 'N'),
(2, 6, '2022/04/24', 'N'),
(2, 7, '2022/04/24', 'N'),
(3, 8, '2021/11/30', 'N'),
(3, 9, '2021/11/30', 'N'),
(3, 10, '2021/11/30', 'N'),
(3, 11, '2021/11/30', 'N'),
(3, 12, '2021/11/30', 'N'),
(3, 13, '2021/11/30', 'N'),
(3, 14, '2021/11/30', 'N'),
(3, 15, '2021/11/30', 'N'),
(3, 16, '2021/11/30', 'N'),
(3, 17, '2021/11/30', 'N'),
(4, 18, '2022/03/05', 'N'),
(4, 19, '2022/03/05', 'N'),
(4, 20, '2022/03/05', 'N'),
(4, 21, '2022/03/05', 'N'),
(4, 22, '2022/03/05', 'N'),
(4, 23, '2022/03/05', 'N'),
(4, 24, '2022/03/05', 'N'),
(4, 25, '2022/03/05', 'N'),
(4, 26, '2022/03/05', 'N'),
(4, 27, '2022/03/05', 'N'),
(5, 28, '2022/08/03', 'N'),
(5, 29, '2022/08/03', 'N'),
(5, 30, '2022/08/03', 'N'),
(5, 31, '2022/08/03', 'N'),
(5, 32, '2022/08/03', 'N'),
(6, 33, '2021/10/09', 'N'),
(6, 34, '2021/10/09', 'N'),
(6, 35, '2021/10/09', 'N'),
(6, 2, '2021/10/09', 'N'),
(6, 4, '2021/10/09', 'N'),
(6, 6, '2021/10/09', 'N'),
(6, 7, '2021/10/09', 'N'),
(6, 8, '2021/10/09', 'N'),
(6, 9, '2021/10/09', 'N'),
(7, 12, '2022/01/02', 'N'),
(7, 13, '2022/01/02', 'N'),
(7, 19, '2022/01/02', 'N'),
(7, 15, '2022/01/02', 'N'),
(7, 16, '2022/01/02', 'N'),
(7, 14, '2022/01/02', 'N'),
(7, 17, '2022/01/02', 'N'),
(7, 20, '2022/01/02', 'N'),
(7, 22, '2022/01/02', 'N'),
(8, 1, '2022/07/20', 'N'),
(8, 2, '2022/07/20', 'N'),
(8, 3, '2022/07/20', 'N'),
(8, 4, '2022/07/20', 'N'),
(8, 5, '2022/07/20', 'N'),
(8, 6, '2022/07/20', 'N'),
(8, 7, '2022/07/20', 'N'),
(9, 2, '2022/01/21', 'N'),
(9, 4, '2022/01/21', 'N'),
(9, 6, '2022/01/21', 'N'),
(9, 8, '2022/01/21', 'N'),
(9, 10, '2022/01/21', 'N'),
(9, 12, '2022/01/21', 'N'),
(9, 14, '2022/01/21', 'N'),
(9, 16, '2022/01/21', 'N'),
(9, 18, '2022/01/21', 'N'),
(9, 20, '2022/01/21', 'N'),
(10, 10, '2021/12/23', 'N'),
(10, 11, '2021/12/23', 'N'),
(10, 12, '2021/12/23', 'N'),
(10, 13, '2021/12/23', 'N'),
(10, 14, '2021/12/23', 'N'),
(10, 16, '2021/12/23', 'N'),
(10, 18, '2021/12/23', 'N'),
(10, 21, '2021/12/23', 'N'),
(10, 22, '2021/12/23', 'N');
GO




--Histórico de Preço


INSERT INTO HistoricoPreco (Id, Preco, DataInicio, DataFim, IdProduto) VALUES	

(1, '1.10', '2022-05-28',  '2022-02-13', 1),
(2, '0.89', '2021-11-05',  '2022-02-13', 2),
(3, '0.55', '2022-03-19',  '2022-02-09', 3),
(4, '1.34', '2021-11-22',  '2022-02-15', 4),
(5, '1.99', '2021-09-27',  '2022-02-19', 5),
(6, '0.56', '2021-09-29',  '2022-02-12', 6),
(7, '0.80', '2021-11-14',  '2022-02-24', 7),
(8, '0.98', '2022-04-05',  '2022-02-20', 8),
(9, '1.10', '2021-08-15',  '2022-02-26', 9),
(10, '1.65', '2021-10-15', '2022-02-19', 10),
(11, '1.00', '2022-04-16', '2022-02-19', 11),
(12, '2.23', '2022-08-01', '2022-02-07', 12),
(13, '1.60', '2022-02-25', '2022-02-08', 13),
(14, '1.10', '2022-04-02', '2022-02-23', 14),
(15, '0.74', '2021-12-06', '2022-02-18', 15),
(16, '2.30', '2022-01-12', '2022-02-14', 16),
(17, '1.49', '2022-01-18', '2022-02-13', 17),
(18, '0.89', '2022-06-21', '2022-02-13', 18),
(19, '0.90', '2021-10-23', '2022-02-09', 19),
(20, '1.76', '2021-10-18', '2022-02-13', 20),
(21, '1.99', '2022-01-16', '2022-02-13', 21),
(22, '1.78', '2022-01-08', '2022-02-09', 22),
(23, '3.89', '2022-01-16', '2022-02-15', 23),
(24, '4.82', '2022-01-06', '2022-02-19', 24),
(25, '2.85', '2022-01-29', '2022-02-12', 25),
(26, '1.99', '2022-01-13', '2022-02-24', 26),
(27, '1.85', '2022-01-25', '2022-02-20', 27),
(28, '1.99', '2022-01-13', '2022-02-26', 28),
(29, '0.98', '2022-01-30', '2022-02-19', 29),
(30, '0.67', '2022-01-23', '2022-02-19', 30),
(31, '0.89', '2022-01-10', '2022-02-07', 31),
(32, '1.27', '2022-01-24', '2022-02-08', 32),
(33, '0.60', '2022-01-08', '2022-02-23', 33),
(34, '0.48', '2022-01-07', '2022-02-18', 34),
(35, '1.25', '2022-01-25', '2022-02-14', 35);


--Cabaz

INSERT INTO Cabaz (Id, Data, PrecoTotal, CodigoPlano, IdAssociado, IdCliente) VALUES 

(1, '2022/04/30', '9.99', '1', '1', '1'),
(2, '2022/04/30', '19.99', '2', '2', '1'),
(3, '2022/04/30', '29.99', '3', '3', '2'),
(4, '2022/04/25', '9.99', '1', '4', '4'),
(5, '2022/04/25', '19.99', '2', '5', '5'),
(6, '2022/04/25', '29.99', '3', '6', '6'),
(7, '2022/05/30', '9.99', '1', '1', '1'),
(8, '2022/05/30', '19.99', '2', '2', '2'),
(9, '2022/05/30', '29.99', '3', '3', '3'),
(10, '2022/05/25', '9.99', '1', '4', '4'),
(11, '2022/05/25', '19.99', '2', '5', '5'),
(12, '2022/05/25', '29.99', '3', '6', '6'),
(13, '2022/06/30', '9.99', '1', '1', '1'),
(14, '2022/06/30', '19.99', '2', '2', '2'),
(15, '2022/06/30', '29.99', '3', '3', '3'),
(16, '2022/06/25', '9.99', '1', '4', '4'),
(17, '2022/06/25', '19.99', '2', '5', '5'),
(18, '2022/06/25', '29.99', '3', '6', '6'),
(19, '2022/07/30', '9.99', '1', '1', '1'),
(20, '2022/07/30', '19.99', '2', '2', '2'),
(21, '2022/07/30', '29.99', '3', '3', '3'),
(22, '2022/07/25', '9.99', '1', '4', '4'),
(23, '2022/07/25', '19.99', '2', '5', '5'),
(25, '2022/07/25', '29.99', '3', '6', '6'),
(26, '2022/08/30', '9.99', '1', '1', '1'),
(27, '2022/08/30', '19.99', '2', '2', '2'),
(28, '2022/08/30', '29.99', '3', '3', '3'),
(29, '2022/08/25', '9.99', '1', '4', '4'),
(30, '2022/08/25', '19.99', '2', '5', '5'),
(31, '2022/08/25', '29.99', '3', '6', '6');
GO


--Detalhe Cabaz

INSERT INTO DetalheCabaz (Id, Qtd, Preco, PrecoUnit, IdCabaz, IdProduto) VALUES


-- Cabaz Id Small - 9.99

(1, 1, 2.20, 2.20, '1', '2'),
(2, 1, 3.99, 3.99, '1', '9'),
(3, 1, 0.99, 0.99, '1', '1'),
(4, 1, 2.09, 2.09, '1', '33'),
 
 
--Medium - 19.99
 
(5, 1, 0.99, 0.99, '2', '1'),
(6, 1, 2.20, 2.20, '2', '2'),
(7, 1, 3.45, 3.45, '2', '3'),
(8, 1, 2.95, 2.95, '2', '4'),
(9, 1, 3.87, 3.87, '2', '5'),
(10, 1, 1.99, 1.99, '2', '6'),
(11, 1, 3.89, 3.89, '2', '7'),
 
 
-- Cabaz Id 3 - 29.99

(12, 1, 1.98, 1.98, '3', '17'),
(13, 1, 1.67, 1.67, '3', '18'),
(14, 1, 1.89, 1.89, '3', '19'),
(15, 1, 2.27, 2.27, '3', '20'),
(16, 1, 1.61, 1.60, '3', '21'),
(17, 1, 0.98, 0.98, '3', '22'),
(18, 1, 2.25, 2.25, '3', '23'),
(19, 1, 1.89, 1.89, '3', '24'),
(20, 1, 0.99, 0.99, '3', '25'),
(21, 1, 1.97, 1.97, '3', '26'),
(22, 1, 2.12, 2.12, '3', '27'),
(23, 1, 1.27, 1.27, '3', '28'),
(24, 1, 1.89, 1.89, '3', '29'),
(25, 1, 0.99, 0.99, '3', '30'),
(26, 1, 1.28, 1.28, '3', '31'),
(27, 1, 0.67, 0.67, '3', '32'),
(28, 1, 2.09, 2.09, '3', '33'),
(29, 1, 1.98, 1.98, '3', '34'),
(30, 1, 0.88, 0.88, '3', '35');
GO

--Referir


INSERT INTO Referir (IdCategoria, IdParentCategoria) VALUES  

(1, 2);
GO


--Telefone Cliente



INSERT INTO TelefoneCliente (telefone, IdCliente) VALUES  

('7957057274', 1),
('1475941992', 2),
('9652855906', 3),
('2098304134', 4),
('9075991185', 5),
('6425377973', 6),
('6154484715', 7),
('1551773268', 8),
('1975624791', 9),
('9734254547', 10);


